sentiment,date,text,score
|neutral|,5/19/17, RT @Sandro_power: $AAPL $BABA will hold these stocks with those june 16 options as these stocks favour higher prices,0
,,,
|positive|,5/19/17, RT @mytradingbuddy: #Stocks #Traders LEARN The 6 Individual Components of the #Ihcimoku Cloud using $AAPL Chart &gt;&gt; #Trading Help &gt;&gt;&gt; https:â€_,2
,,,
|neutral|,5/19/17, Appleâ€™s $AAPL Nokia Suit More Pressing Than Qualcomm $QCOM (subscribtion) https://t.co/mTsocP0zei,0
,,,
|positive|,5/19/17, #validate #organic #strategies at https://t.co/SOm8rjvuBZ stay #focused on #success $aapl $mck $googl $hpq $hpe #FridayBlogs #NYC,5
,,,
|neutral|,5/19/17, RT @kirillklip: InvestorIntel: International #Lithium Has A Giantâ€™s Attention. https://t.co/IutVoZ9aIv $ILC.v $TSLA $GM $F $AAPL #Tesla #Baâ€_,0
,,,
|negative|,5/19/17, RT @SP_Trades: Use Stop-Loss Orders to protect profits and minimize losses - Here's How: https://t.co/78T1ddbak9 #stocks #trading #wallstreâ€_,-3
,,,
|neutral|,5/19/17, $AAPL Cash Floods Into Tech Funds At the Fastest Clip in 15 Years https://t.co/YRguBC3G4N,0
,,,
|positive|,5/19/17, #Stocks #Traders LEARN The 6 Individual Components of the #Ihcimoku Cloud using $AAPL Chart &gt;&gt; #Trading Help &gt;&gt;&gt;â€_ https://t.co/oJIEnrKsW6,2
,,,
|negative|,5/19/17," RT @EatSleepNTrade: May 17, 2017 will go down as a day in history that Wall Street $SPY $DIA traded liberal propaganda fake news. $FB $AMZNâ€_",-5
,,,
|positive|,5/19/17, @theKL276 thank for RT! #HappyFriday! See Vista Partners #marketnews #technology #investing https://t.co/1x6MLaGp0dâ€_ https://t.co/oADJjDu1zT,2
,,,
|neutral|,5/19/17," $SPY Potent Point and Figure Chart Patterns for Max Profits, w/ Captain John &amp; Kimberly https://t.co/wOKu6wKvpR $QQQ #stocks $AAPL $FB $TSLA",0
,,,
|negative|,5/19/17, Use Stop-Loss Orders to protect profits and minimize losses - Here's How: https://t.co/78T1ddbak9 #stocks #tradingâ€_ https://t.co/ZxdCtK3JeZ,-3
,,,
|neutral|,5/19/17," @SJosephBurns Because we know that it's never going to compete in video streaming or retail. Also, how is $AAPL iTuâ€_ https://t.co/O0t2r1V8gA",0
,,,
|positive|,5/19/17, Will $cop $intc $ete $cat $pru $pfe $dis $hum $epd be the next big #globalbrand ? https://t.co/Yycairc0fy $aapl #CES2018 #AI,1
,,,
|positive|,5/19/17, RT @AmyDaniel212: Will $cop $intc $ete $cat $pru $pfe $dis $hum $epd be the next big #globalbrand ? https://t.co/vT9HmoiNbp $aapl #CES2018â€_,1
,,,
|negative|,5/19/17," RT @racernic: Tim Cook innovation: ""Apple is tapping the debt market again,""   $AAPL compare it with bezos and $AMZN headlines",-1
,,,
|positive|,5/19/17, Will $cop $intc $ete $cat $pru $pfe $dis $hum $epd be the next big #globalbrand ? https://t.co/vT9HmoiNbp $aapl #CES2018 #AI,1
,,,
|neutral|,5/19/17, RT @racernic: $aapl took it on the chin (intraday comment and vs. the high).,0
,,,
|neutral|,5/19/17, RT @JorelLaraKalel: 10 Things We Learned From Our Daily $FB Show With Jim Cramer https://t.co/xbVkthhGyd $IBM $CRM $HD $WMT  $ROST $FL $CSCâ€_,0
,,,
|positive|,5/19/17, Will $cop $intc $ete $cat $pru $pfe $dis $hum $epd be the next big #globalbrand ? https://t.co/SOm8rjvuBZ $aapl #CES2018 #AI,1
,,,
|negative|,5/19/17, $AAPL $fb Comey to testify next week. Hard time ahead for the market.,-1
,,,
|neutral|,5/19/17, Apple iPhone 4 (MD439LL/A) - 8GB Smartphone - Black - Verizon (Certified Refurbished) https://t.co/5qudwSU2Vd $AAPL #apple #iphone,0
,,,
|neutral|,5/19/17, 10 Things We Learned From Our Daily $FB Show With Jim Cramer https://t.co/xbVkthhGyd $IBM $CRM $HD $WMT  $ROST $FL $CSCO $NVDA $AAPL $BABA,0
,,,
|neutral|,5/19/17, RT @racernic: $aapl took it on the chin (intraday comment and vs. the high).,0
,,,
|negative|,5/19/17, RT @MacHashNews: iOS 11 Concept Imagines Overhauled iPad Interface With Drag-and-Drop Functionality https://t.co/MTWh5QSwX2 #MacRumors $AAPâ€_,-2
,,,
|neutral|,5/19/17, RT @CharlesNance415: #ThankYou for following us. #yourethebest. #AforEffort https://t.co/YycaiqUoQY $aapl $mck $googl $hpq $hpe $usat #CES2â€_,0
,,,
|negative|,5/19/17, iOS 11 Concept Imagines Overhauled iPad Interface With Drag-and-Drop Functionality https://t.co/MTWh5QSwX2â€_ https://t.co/5SQwmT8elF,-2
,,,
|neutral|,5/19/17, RT @jjjinvesting: Apple Begins A New Chapter In India https://t.co/l5MQtBjBV8 $GOOG $QCOM $GOOGL $AAPL,0
,,,
|positive|,5/19/17, RT @CharlesNance415: The #largest companies on #earth #inspire us - https://t.co/Yycairc0fy $wmt $xom $cvx $brk-a $aapl $mo $tna $cat #Fridâ€_,2
,,,
|neutral|,5/19/17, Apple Begins A New Chapter In India https://t.co/l5MQtBjBV8 $GOOG $QCOM $GOOGL $AAPL,0
,,,
|positive|,5/19/17, The #largest companies on #earth #inspire us - https://t.co/Yycairc0fy $wmt $xom $cvx $brk-a $aapl $mo $tna $cat #FridayFeeling,2
,,,
|positive|,5/19/17, RT @TheStreet: Apps are a fast-growing business for both of the Silicon Valley icons https://t.co/AzAiaSAQw0 $AAPL $GOOGL,1
,,,
|neutral|,5/19/17, RT @doogooroo: Oh oh $AAPL https://t.co/azJgK85Mfx,0
,,,
|positive|,5/19/17, RT @racernic: keep tab on mkts frm all angles. like yest $AAPL behavior was tell 2appetite+lvls.join us. $ES_F $SPX $SPy $QQQ https://t.co/â€_,3
,,,
|positive|,5/19/17," Join @RobinhoodApp and we'll both get a share of stock like $AAPL, $F, or $S for free. Make sure to use my link.  https://t.co/mCOkx7JYLM",5
,,,
|neutral|,5/19/17, Buffett Doubles Apple https://t.co/Comq2Nf1Et $BRK.A $BRK.B $AAPL,0
,,,
|positive|,5/19/17, The #largest companies on #earth #inspire us - https://t.co/vT9HmoiNbp $wmt $xom $cvx $brk-a $aapl $mo $tna $cat #FridayFeeling,2
,,,
|neutral|,5/19/17, 10 Industries That Could Be Impacted by Driverless Cars $AAPL $ALL $ALLY https://t.co/EvlzIQ6E8I via @benzinga,0
,,,
|negative|,5/19/17, RT @racernic: per OI $AAPL has downside pressure into next wk. caution is warranted. (short term trading purpose),-3
,,,
|positive|,5/19/17, Apps are a fast-growing business for both of the Silicon Valley icons https://t.co/AzAiaSAQw0 $AAPL $GOOGL,1
,,,
|positive|,5/19/17, The #largest companies on #earth #inspire us - https://t.co/SOm8rjvuBZ $wmt $xom $cvx $brk-a $aapl $mo $tna $cat #FridayFeeling,2
,,,
|negative|,5/19/17," $AAPL Apple Pay is expanding, but it still has a long way to go https://t.co/1jUy4ls0U6",-1
,,,
|positive|,5/19/17, Got rid@of everything except for $AAPL $TSLA $S. selling off yes but it's small potatoes https://t.co/dYdf5vpnlF,1
,,,
|positive|,5/19/17, Apple Has A New Idea https://t.co/dFmkmNC7F5 $AAPL - new #investing book = 136% profits last 41 months safely - https://t.co/lvue1IBy6o,1
,,,
|positive|,5/19/17, @LennartBedrage $AAPL App Store growth could be a catalyst for future earnings growth.,4
,,,
|neutral|,5/19/17, RT @racernic: $aapl took it on the chin (intraday comment and vs. the high).,0
,,,
|negative|,5/19/17, RT @racernic: per OI $AAPL has downside pressure into next wk. caution is warranted. (short term trading purpose),-3
,,,
|neutral|,5/19/17, Oh oh $AAPL https://t.co/azJgK85Mfx,0
,,,
|positive|,5/19/17," @SJosephBurns Alright, then tell me why you like $AAPL _Ÿ˜€",2
,,,
|positive|,5/19/17, RT @Investing_Books: Hedge Fund Market Wizards: How Winning Traders Win by Jack D. Schwager: https://t.co/n9IElG6tRm $SPY $AAPL $AMZN,8
,,,
|neutral|,5/19/17," It's all BS game, no difference in output or demand yet price goes up and down 15-20% just like $aapl :) https://t.co/47rAq5x4tz",0
,,,
|positive|,5/19/17, Hedge Fund Market Wizards: How Winning Traders Win by Jack D. Schwager: https://t.co/n9IElG6tRm $SPY $AAPL $AMZN,8
,,,
|positive|,5/19/17," RT @Options: Most Active Stock Options For End Of Day May 19, 2017 â€“ $BAC, $P, $AAPL, $S, $BABA https://t.co/UoVPJAv3Aw",1
,,,
|neutral|,5/19/17, #Instant #Apple Unlocking $0.99 Cent All #iPhone FOR 3GS 4 4S 5 5C 5S 6 6+ #unlockfusion #icloud #freeunlock #factoryunlock $AAPL #unlock,0
,,,
|negative|,5/19/17, RT @Investing_Books: Panic: The Story of Modern Financial Insanity by Michael Lewis: https://t.co/6ISkPdX7hs $SPY $IWM $RUT $VIX $AAPL,-5
,,,
|neutral|,5/19/17, #Instant #Apple Unlocking $0.99 Cent All #iPhone FOR 3GS 4 4S 5 5C 5S 6 6+ #unlockfusion #icloud #freeunlock #factoryunlock $AAPL #unlock,0
,,,
|positive|,5/19/17, #Use #great #idea #hashtags for #SEO #SearchEngineOptimization https://t.co/Yycairc0fy $aapl $mck $googl $hpq $hpe #FridayFeeling,3
,,,
|positive|,5/19/17, RT @ChrisLacoursier: @MadMoneyOnCNBC @jimcramer JC biggest stock tip since $AMZN $AAPL and $GOOG were 1 dollar per share $NWBO is about toâ€_,1
,,,
|positive|,5/19/17, #Use #great #idea #hashtags for #SEO #SearchEngineOptimization https://t.co/vT9HmoiNbp $aapl $mck $googl $hpq $hpe #FridayFeeling,3
,,,
|neutral|,5/19/17, RT @tasciccac: $DJIA WKLY Best performing $WMT $JNJ $MCD $CAT $IBM $KO $CVX $UNH $MRK Worst $CSCO $NKE $GS $JPM $DIS $AAPL $DD $PFE  #Ichimâ€_,0
,,,
|positive|,5/19/17, RT @MacHashNews: 'Finger Spinner' Tops the Free App Charts as the Fidget Spinner Craze Goes Digital https://t.co/weS3q0D9TG #TouchArcade $Aâ€_,3
,,,
|negative|,5/19/17, Panic: The Story of Modern Financial Insanity by Michael Lewis: https://t.co/6ISkPdX7hs $SPY $IWM $RUT $VIX $AAPL,-5
,,,
|neutral|,5/19/17," RT @DFMtrades: $AAPL, target $160, SL $149.50 $SPY $DIA $IWM https://t.co/yHdTDQNvHU",0
,,,
|negative|,5/19/17, RT @racernic: per OI $AAPL has downside pressure into next wk. caution is warranted. (short term trading purpose),-3
,,,
|negative|,5/19/17, RT @racernic: per OI $AAPL has downside pressure into next wk. caution is warranted. (short term trading purpose),-3
,,,
|neutral|,5/19/17, RT @PoliticalHedge: Apple to Starting $1Billion Fund Investing American Manufacturing Jobs $AAPL https://t.co/hIXNOtqkoE From: 05/06/2017,0
,,,
|positive|,5/19/17, #Use #great #idea #hashtags for #SEO #SearchEngineOptimization https://t.co/SOm8rjvuBZ $aapl $mck $googl $hpq $hpe #FridayFeeling,3
,,,
|neutral|,5/19/17, $DJIA WKLY Best performing $WMT $JNJ $MCD $CAT $IBM $KO $CVX $UNH $MRK Worst $CSCO $NKE $GS $JPM $DIS $AAPL $DDâ€_ https://t.co/Yq1SJ7WCuX,0
,,,
|positive|,5/19/17," Current state of Big Tech &amp; the opportunities $AAPL, $AMZN, $QQQ Stock Trading Investing: https://t.co/9Ban9LX74Y https://t.co/JeYZfHkBF7",3
,,,
|positive|,5/19/17, RT @zacharyparadis: This chart is amazing for several reasonsâ€“one is that $AAPL is now just $1B behind $MSFT in profit over the last 20 yeaâ€_,4
,,,
|positive|,5/19/17, 'Finger Spinner' Tops the Free App Charts as the Fidget Spinner Craze Goes Digital https://t.co/weS3q0D9TGâ€_ https://t.co/pKXnuScCYp,3
,,,
|neutral|,5/19/17, RT @TraderTargets: $AAPL Projection vs TodayActual. Stats on site. 100% fees to charity https://t.co/iOsze0egDx,0
,,,
|neutral|,5/19/17, RT @racernic: $aapl took it on the chin (intraday comment and vs. the high).,0
,,,
|neutral|,5/19/17, $AAPL Projection vs TodayActual. Stats on site. 100% fees to charity https://t.co/iOsze0egDx,0
,,,
|neutral|,5/19/17, RT @racernic: $aapl took it on the chin (intraday comment and vs. the high).,0
,,,
|neutral|,5/19/17, RT @RatingsNetwork: Apple's buy rating reiterated at Royal Bank of Canada. $157.00 PT. https://t.co/FkTGrLKjjd $AAPL #AAPL,0
,,,
|neutral|,5/19/17, RT @Ascend_Trading: Look what was #1 on #GapScan this AM.... We were ready $GLYC  @TradeIdeas1 $FB $TWTR $QQQ $SPY $AAPL https://t.co/yPgB8â€_,0
,,,
|positive|,5/19/17, RT @ChrisLacoursier: @MadMoneyOnCNBC @jimcramer JC biggest stock tip since $AMZN $AAPL and $GOOG were 1 dollar per share $NWBO is about toâ€_,1
,,,
|negative|,5/19/17, RT @racernic: per OI $AAPL has downside pressure into next wk. caution is warranted. (short term trading purpose),-3
,,,
|positive|,5/19/17, https://t.co/mAqge0snxU &lt;-- timothy sykes guide to the best #pennystock brokers! Must see free video! $CASY $AKRX $AAPL $OCUL $RGA,4
,,,
|positive|,5/19/17, Never stop being creative. https://t.co/YycaiqUoQY $cbs $ual $pm $utx $btu $adbe $low $oxy $wynn $x $nvda $lc $aapl #FridayFeeling,1
,,,
|positive|,5/19/17, Learn why Mobile Technology #Investing is a winning Proposition as $AAPL Valuation breaks $800bn  &gt;&gt;&gt;â€_ https://t.co/4T0yykAqMD,4
,,,
|neutral|,5/19/17, $AAPL $MSFT $FB $AMZN $SPX $SPY $GOOG https://t.co/udcqCxjlyh,0
,,,
|positive|,5/19/17, Have a great weekend! Tickers discussed this week: $ES_F $NQ_F $VIX $SPY $NVDA $AAPL $FB $RUT $WIX $GDDY,3
,,,
|neutral|,5/19/17, Apple Inc. $AAPL Earns â€œBuyâ€ù Rating from Royal Bank of Canada https://t.co/HVmqiIjdMH,0
,,,
|neutral|,5/19/17, Apple Inc. $AAPL Rating Reiterated by Royal Bank of Canada https://t.co/UR7PT7y59C,0
,,,
|positive|,5/19/17, Never stop being creative. https://t.co/vT9HmoiNbp $cbs $ual $pm $utx $btu $adbe $low $oxy $wynn $x $nvda $lc $aapl #FridayFeeling,1
,,,
|neutral|,5/19/17, Security firm recovers iCloud Notes beyond Apple's 30-day deletion window https://t.co/yL5aEXdmqM #AppleInsiderâ€_ https://t.co/Mj2WCZzBx2,0
,,,
|neutral|,5/19/17, Apple Inc. $AAPL Earns â€œBuyâ€ù Rating from Royal Bank of Canada https://t.co/xoabnUcy1w,0
,,,
|neutral|,5/18/17," RT @newswelldone: $AMZN $AAPL $HD $WMT $F:  Lookinâ€™ California, Feelinâ€™ Minnesota:  https://t.co/Jlc8Qga7d6",0
,,,
|negative|,5/18/17, All the other tech stocks were rallying like holy hell. $AAPL was being all sneaky like nothings happening over here move along,-1
,,,
|positive|,5/18/17, $CRM $AMZN $V $IBM $AAPL:  https://t.co/rwlQmdAimO: Cramerâ€™s Top Takeaways:  https://t.co/W3PMctmJPM,2
,,,
|positive|,5/18/17, $CMG &amp; $AAPL r great example of what a bottoming pattern/environment looks like. https://t.co/zm9cHwAsVG $WYNN $BABA https://t.co/GTPSTVy7uN,5
,,,
|neutral|,5/18/17, RT @wildsidekittens: Survey:  Do you know how to market your product?  $AAPL $MMEX $PGPM $GOOG $AMZN,0
,,,
|neutral|,5/18/17, RT @investingbuddy: Learn How $AAPL #Stocks Valuation Makes it First US Company to Exceed $800bn in quick report by @TradeZer0  &gt;&gt;&gt; https:/â€_,0
,,,
|positive|,5/18/17, RT @kazonomics: @DeadBounceCat @casacup Apple excited about its prospects in #Healthcare $aapl  forward valuations is over a #Trillion &amp; grâ€_,4
,,,
|positive|,5/18/17," Insider Selling: Apple Inc. $AAPL Insider Sells 11,949 Shares of Stock https://t.co/j2hKrNzM63",1
,,,
|neutral|,5/18/17, RT @MacHashNews: 'Fair Repair Act' proposal in New York under fire by Apple lobbyists https://t.co/sORj4lcFBT #AppleInsider $AAPL https://tâ€_,0
,,,
|positive|,5/18/17, RT @MarketSmith: Stocks Extend Modest Gains Late; Facebook Reaches Milestone: https://t.co/fUAEmTu6YY $AAPL $AMZN $NFLX $FB $GOOGL $AVGO $Sâ€_,4
,,,
|neutral|,5/18/17," $AMZN $AAPL $HD $WMT $F:  Lookinâ€™ California, Feelinâ€™ Minnesota:  https://t.co/Jlc8Qga7d6",0
,,,
|neutral|,5/18/17, RT @HowieRegay: Is it finally time to get rid of Apple? https://t.co/PxOOQABr8P #Financial $AAPL https://t.co/nMpcUt9x9Z,0
,,,
|positive|,5/18/17," Insider Selling: Apple Inc. $AAPL Insider Sells 11,949 Shares of Stock https://t.co/G9NI76Ee9q",1
,,,
|positive|,5/18/17, $SPY NYSE celebrates its 225th anniversary https://t.co/2FEkIcOdpe $QQQ $DIA $DJIA $IWM $TLT #stocks #stockmarket #investing #finance $AAPL,3
,,,
|neutral|,5/18/17, 'Fair Repair Act' proposal in New York under fire by Apple lobbyists https://t.co/sORj4lcFBT #AppleInsider $AAPL https://t.co/KEbkIRhUU1,0
,,,
|negative|,5/18/17, RT @Stockrookie2: Do I make mistakes? No. I can see it now go ahead and laught. You watch $AAPL https://t.co/a2nSuk9AA7,-3
,,,
|positive|,5/18/17," Insider Selling: Apple Inc. $AAPL Insider Sells 11,949 Shares of Stock https://t.co/CsqtyJYn9U",1
,,,
|positive|,5/18/17, Stocks Extend Modest Gains Late; Facebook Reaches Milestone: https://t.co/fUAEmTu6YY $AAPL $AMZN $NFLX $FB $GOOGLâ€_ https://t.co/QPly3H9JYZ,4
,,,
|positive|,5/18/17, Stocks Extend Modest Gains Late; Facebook Reaches Milestone: https://t.co/pEhagkVate $AAPL $AMZN $NFLX $FB $GOOGLâ€_ https://t.co/TJnT5IfeCT,4
,,,
|positive|,5/18/17," Join @RobinhoodApp and we'll both get a share of stock like $AAPL, $F, or $S for free. Make sure to use my link.  https://t.co/hfzDCphNC0",5
,,,
|neutral|,5/18/17," RT @seeitmarket: New Post - ""Trading Ideas: 5 Stocks To Watch Tomorrow"" http://t.co/BaChMom245 by @NoanetTrader $AGN $JAZZ $TLT $AAPL http:â€_",0
,,,
|neutral|,5/18/17," Should You Buy Apple Inc. (AAPL) Stock? 3 Pros, 3 Cons $AAPL https://t.co/O9ZU6xejyb https://t.co/sy8A8yrDU9",0
,,,
|neutral|,5/18/17," RT @NoanetTrader: ""@seeitmarket: New Post - ""Trading Ideas: 5 Stocks To Watch"" http://t.co/5jsqvqafv8 by @NoanetTrader $AGN $JAZZ $ITW $TLTâ€_",0
,,,
|neutral|,5/18/17," RT @seeitmarket: New Post - ""Trading Ideas: 5 Stocks To Watch Today"" http://t.co/BaChMo4qFv by @NoanetTrader $AGN $JAZZ $TLT $ITW $AAPL $MSâ€_",0
,,,
|neutral|,5/18/17, 10 Industries That Could Be Impacted by Driverless Cars https://t.co/m60Oy0SXsq $AAPL $ALL $ALLY  vÃ_a @benzinga,0
,,,
|negative|,5/18/17," As Qualcomm and Apple battle, don't overlook Nokia's patent dispute $QCOM, $AAPL, $NOK https://t.co/7CMBhpH48j https://t.co/41ukhsQ6Hh",-3
,,,
|positive|,5/18/17, So You Want to Start a Hedge Fund: Lessons for Managers and Allocators: https://t.co/hWSq4aqxRw $SPY $AAPL $TSLA $NFLX,1
,,,
|neutral|,5/18/17," RT @moneymorning: #Closingbell news for today: #Trump admin, $AAPL, and @SenWarren ....   https://t.co/2soCK3l26P",0
,,,
|positive|,5/18/17, A Simple Day Trading Strategy/PRB https://t.co/DJHmxfPxPo via @YouTube #Trading #Stocks #Options #Success $AAPL $FB $AMZN $TWTR $BIDU $GM $F,2
,,,
|negative|,5/18/17, Do I make mistakes? No. I can see it now go ahead and laught. You watch $AAPL https://t.co/a2nSuk9AA7,-3
,,,
|neutral|,5/18/17, RT @TraderTargets: $AAPL Projection vs TodayActual. Stats on site. 100% fees to charity. Moving with SPY https://t.co/1vDtBlU8tX,0
,,,
|neutral|,5/18/17, $AAPL Projection vs TodayActual. Stats on site. 100% fees to charity. Moving with SPY https://t.co/1vDtBlU8tX,0
,,,
|neutral|,5/18/17, RT @AnkurBanerjee17: This on $AAPL and #healthcare from @chrissyfarr  https://t.co/pgMj6TC7DG,0
,,,
|positive|,5/18/17, Best Option Brokers - $SPY $SPX $RUT $AAPL [Blog Archive] https://t.co/026A9dZzXr,3
,,,
|neutral|,5/18/17, $AAPL Where buyers flock after a sell-off https://t.co/PhRH5AVkpB,0
,,,
|neutral|,5/18/17, This on $AAPL and #healthcare from @chrissyfarr  https://t.co/pgMj6TC7DG,0
,,,
|neutral|,5/18/17, @zerohedge They can always buy $AAPL,0
,,,
|neutral|,5/18/17," RT @TradingWins: Focus On Weekly - Market Update by Vince Vora for May 18th, 2017 #stocks $AAPL $AMZN $NFLX $GOOGL $TSLA $F $FB https://t.câ€_",0
,,,
|neutral|,5/18/17," Move over Wilford Brimley, there's a new diabetes pitchman in town: Apple CEO Tim Cook - $AAPL  https://t.co/6yyIKfUNVd",0
,,,
|neutral|,5/18/17," RT @seeitmarket: New Post - ""Trading Setups: 5 Stocks To Watch Tomorrow"" http://t.co/U1IQGCzF38 by @NoanetTrader $AAPL $AMZN $AMBA $KITE $Pâ€_",0
,,,
|neutral|,5/18/17," Should You Buy Apple Inc. (AAPL) Stock? 3 Pros, 3 Cons $AAPL https://t.co/O6wDLopXvn https://t.co/oYii8gBm4N",0
,,,
|negative|,5/18/17, $AAPL if you think it's breaking  lose I hate to tell you it's not it's designed that way. Just got to be the first to get it,-3
,,,
|neutral|,5/18/17, Apple to Starting $1Billion Fund Investing American Manufacturing Jobs $AAPL https://t.co/iHmsz7XAnv #Wallst,0
,,,
|neutral|,5/18/17, RT @MarketPicker: NEW POST: Trading with an Edge (Part 3) â€“ $SPY $BABA $CREE $AAPL http://t.co/XCV6dIk8PH $STUDY #StockSelection,0
,,,
|neutral|,5/18/17, 'Invest In People Before The Business' - Warren Buffet $fb $twtr $yhoo $aapl,0
,,,
|neutral|,5/18/17, $AAPL:  New Insider Filing on  Senior Vice President  DANIEL J. RICCIO:  https://t.co/Jk8MZf3cQT,0
,,,
|neutral|,5/18/17," RT @BruniCharting: ""@MarketPicker: NEW POST: Trading with an Edge (Part 3) â€“ $SPY $BABA $CREE $AAPL http://t.co/eMDoeg8IA3 $STUDY #StockSelâ€_",0
,,,
|neutral|,5/18/17," Focus On Weekly - Market Update by Vince Vora for May 18th, 2017 #stocks $AAPL $AMZN $NFLX $GOOGL $TSLA $F $FB https://t.co/ZexlPEZeP2",0
,,,
|neutral|,5/18/17, RT @GregCameron16: Down Moves -4.3% $SOXX $KRE -3.8% $KBE -3.4% $FDN $AAPL -3% $XBI -2.9% $XLF $JETS $EWZ -2.7% $XLK -2.5% $IWM $QQQ -2.3%â€_,0
,,,
|neutral|,5/18/17, RT @LeftCoastTrades: https://t.co/oskWh9mdwf Verified $136.96 profit in $AAPL scalp,0
,,,
|neutral|,5/18/17, $AAPL - Statement of Changes in Beneficial Ownership (4) https://t.co/MKPfffvVu4,0
,,,
|neutral|,5/18/17, $AAPL - Statement of Changes in Beneficial Ownership (4) https://t.co/rWo4Ea50fU,0
,,,
|neutral|,5/18/17, $AAPL - Statement of Changes in Beneficial Ownership (4) https://t.co/bKPWoxYptP,0
,,,
|neutral|,5/18/17, $AAPL - Statement of Changes in Beneficial Ownership (4) https://t.co/TiPzoKlLEJ,0
,,,
|positive|,5/18/17, RT @msttrader: My Latest:  Big Tech: Top or Buying Opportunity? $AAPL $AMZN $QQQ https://t.co/hsnynyLFQZ,5
,,,
|negative|,5/18/17, https://t.co/PKp5SZrSct Verified $74.60 loss in $AAPL AM scalp at the open,-3
,,,
|positive|,5/18/17," RT @tdarling1: $AAPL CEO Tim Cook test-drove a device that tracks his blood sugar, hinting at Apple's interest https://t.co/q4Bhh2nhRM #diaâ€_",1
,,,
|neutral|,5/18/17, https://t.co/oskWh9mdwf Verified $136.96 profit in $AAPL scalp,0
,,,
|neutral|,5/18/17, Now What Do We Do About Apple? https://t.co/ll5iyhXTZP $CHL $AAPL,0
,,,
|positive|,5/18/17, @fhoro I would've said $FB and $AAPL due to their largely singularly-focused revenue model vis-a-vis news feed adveâ€_ https://t.co/tW5DbXbU4a,2
,,,
|neutral|,5/18/17, RT @AppleReporter: Apple Launching Three New Laptops in June (Report) https://t.co/0R95Gr3xxy $AAPL $DIA $QQQ $XLK #MacBookPro #macbook httâ€_,0
,,,
|neutral|,5/18/17, #Instant #Apple Unlocking $0.99 Cent All #iPhone FOR 3GS 4 4S 5 5C 5S 6 6+ #unlockfusion #icloud #freeunlock #factoryunlock $AAPL #unlock,0
,,,
|neutral|,5/18/17, RT @ecommerceshares: $AAPL $QQQ $SPY The new upcoming iPads may single-handedly drive the indices another 5% up. Everyone needs and wants oâ€_,0
,,,
|positive|,5/18/17," RT @K1ng_Sur0: $AAPL RSI very low and Stochastic showing over sold, looks like the BULLS are about to take control for a strong rally.",4
,,,
|neutral|,5/18/17, RT @HowieRegay: CNBC: TipRanks shows AAPL just got its most bullish forecast https://t.co/BgYCOVZhO8 #technology $AAPL https://t.co/h9aOiQUâ€_,0
,,,
|neutral|,5/18/17, The Neatest Little Guide to Stock Market Investing: https://t.co/pgTRFzPHuJ #stocks #investing $SPY $AAPL $TSLA $AMZN,0
,,,
|positive|,5/18/17," RT @tdarling1: $AAPL CEO Tim Cook test-drove a device that tracks his blood sugar, hinting at Apple's interest https://t.co/q4Bhh2nhRM #diaâ€_",1
,,,
|neutral|,5/18/17," RT @MicroFundy: $AAPL's cash balance is so large, that if it had invested it all into $AMZN at its IPO, it would now be all the cash in theâ€_",0
,,,
|positive|,5/18/17," At Google I/O yesterday, developers cheered the Assistant coming to the iPhone. That was premature... https://t.co/5Vvv5b5kwI $GOOGL $AAPL",2
,,,
|neutral|,5/18/17, #Instant #Apple Unlocking $0.99 Cent All #iPhone FOR 3GS 4 4S 5 5C 5S 6 6+ #unlockfusion #icloud #freeunlock #factoryunlock $AAPL #unlock,0
,,,
|positive|,5/18/17," RT @tdarling1: $AAPL CEO Tim Cook test-drove a device that tracks his blood sugar, hinting at Apple's interest https://t.co/q4Bhh2nhRM #diaâ€_",1
,,,
|negative|,5/18/17, Up over 30% on $BABA as it continues to work higher from our 2nd buy alert https://t.co/32JdI9w8CM $AAPL $SHOP $NVDA https://t.co/gMNSd7C5Bv,-1
,,,
|neutral|,5/18/17, We can't say I didn't just look at the timeline. $AAPL,0
,,,
|positive|,5/18/17," $SIRI $P $FWONA $AAPL:  Pandora is a Perfect Catch for Sirius, Analysts Say- Hereâ€™s Why:  https://t.co/QMK8CKsS57",3
,,,
|positive|,5/18/17, Check out these awesome trading systems: https://t.co/SlDMcCQf0c $AAPL $NFLX $TSLA $FB $VIX $DWTI $UWTI $SPY,4
,,,
|positive|,5/18/17," $AAPL CEO Tim Cook test-drove a device that tracks his blood sugar, hinting at Apple's interest https://t.co/q4Bhh2nhRM #diabetes",1
,,,
|positive|,5/18/17, RT @holaMau: This would be incredibly helpful (even life-saving) for so many people. #apple $AAPL #diabetes #glucoseMonitoring https://t.coâ€_,2
,,,
|neutral|,5/18/17, RT @cfromhertz: TTG Themes of the day(below): $AAPL $DD $CAH $QRVO $NVDA $NRG $YRCW $SYMC $CORT $FEZ $BUD $NCLH $EWZ $ERY  #DailyRecap httpâ€_,0
,,,
|neutral|,5/18/17, TTG Themes of the day(below): $AAPL $DD $CAH $QRVO $NVDA $NRG $YRCW $SYMC $CORT $FEZ $BUD $NCLH $EWZ $ERYâ€_ https://t.co/hsjnDfaao7,0
,,,
|neutral|,5/18/17, #Mr. JareJuhani Renko for the follow #CLOUDUNLOCK Check Out #Apple #iCloud #iPhone $AAPL for #unlock #code https://t.co/sFE120Bm7R,0
,,,
|positive|,5/18/17, AMD Jumps On Word Of Intel Graphics Agreement https://t.co/K8dBS3Eun9 $AAPL $INTC $NVDA $AMD,1
,,,
|positive|,5/18/17," Boom! Super Cycle&gt; Apple's iPhone scores 92% loyalty rate ahead of 'iPhone 8' launch, study finds... $AAPL #iPhone8  https://t.co/LdJPz7Si2N",6
,,,
|neutral|,5/18/17, $SHOP Higher Prices Coming. Why we're long https://t.co/5QxbhXElGU $AAPL $WYNN $BABA $CMG $AMZN $KMX $LNTH $CRM $WMT https://t.co/9ff8vGRCSl,0
,,,
|neutral|,5/18/17, RT @GregCameron16: Down Moves -4.3% $SOXX $KRE -3.8% $KBE -3.4% $FDN $AAPL -3% $XBI -2.9% $XLF $JETS $EWZ -2.7% $XLK -2.5% $IWM $QQQ -2.3%â€_,0
,,,
|positive|,5/18/17, RT @kazonomics: @DeadBounceCat @casacup Apple excited about its prospects in #Healthcare $aapl  forward valuations is over a #Trillion &amp; grâ€_,4
,,,
|positive|,5/18/17, Ready to invest? $AAPL is definitely worth checking out today! https://t.co/sM3JEt9lbc #lowpoly #IndieDev,2
,,,
|neutral|,5/18/17, RT @jjjinvesting: Buffett Doubles Apple https://t.co/Comq2Nf1Et $BRK.A $BRK.B $AAPL,0
,,,
|positive|,5/18/17, This would be incredibly helpful (even life-saving) for so many people. #apple $AAPL #diabetes #glucoseMonitoring https://t.co/EuDKVmb7Xw,2
,,,
|positive|,5/18/17," RT @learnstocks101: Free video w/setups for May 19 ""Not Real Convincing"" $AAPL $MSFT $NVDA $AMAT $SHOP https://t.co/ERrPqxP3vb",1
,,,
|neutral|,5/18/17, RT @AlertTrade: May Shopping List: Building Up Our Smaller Positions $AAPL #APPLE $D $PEP https://t.co/fdnpkYQPA0 #Investing #Stocks https:â€_,0
,,,
|negative|,5/18/17," Why Fitbit Inc. Shareholders Have Something to Worry About @themotleyfool #stocks $AAPL, $QCOM, $GRMN, $FIT https://t.co/XpsfYGYzHY",-2
,,,
|neutral|,5/18/17, Apple Technician Dan Dodge talks about QNX..... @BlackBerry $BBRY $AAPL @Apple  @Microsoft $MSFT https://t.co/Jr9NdD3Hfn,0
,,,
|positive|,5/18/17, RT @TSXtrad3r: Live Trading Stream: $CLNT Long ,1
,,,
|positive|,5/18/17, RT @vikrambarhath: Pleased to say I made my @CNBC debut this morning with this story. https://t.co/0OrPcXafaJ  #IconicTour $AAPL #AAPL #Indâ€_,3
,,,
|positive|,5/18/17," Free video w/setups for May 19 ""Not Real Convincing"" $AAPL $MSFT $NVDA $AMAT $SHOP https://t.co/ERrPqxP3vb",1
,,,
|positive|,5/18/17," Best Stocks Warren Buffett Is Buying Now @themotleyfool #stocks $BRK-A, $AAPL, $LUV, $BRK-B, $BK https://t.co/60abOu2CBC",3
,,,
|positive|,5/18/17, Best Stocks Warren Buffett Is Buying Now https://t.co/pnhNwbBQmB $AAPL $LUV $BK,3
,,,
|neutral|,5/18/17, Buffett Doubles Apple https://t.co/Comq2Nf1Et $BRK.A $BRK.B $AAPL,0
,,,
|positive|,5/18/17, Google's Android O changes 'blob' emoji to more iOS-like circular shape https://t.co/OP77BuXryh #AppleInsider $AAPL https://t.co/4vFHTApf4W,2
,,,
|neutral|,5/18/17, May Shopping List: Building Up Our Smaller Positions $AAPL #APPLE $D $PEP https://t.co/XKCfkxoE3X #Investing #Stocks https://t.co/eBncZWL42m,0
,,,
|negative|,5/17/17," RT @BourseetTrading: "" #Banks are right to fear #tech giants "" $AAPL $AMZN $GOOGL $FB  #fintech #defstar5 #makeyourownlane #Mpgvip  https:/â€_",-2
,,,
|negative|,5/17/17," RT @BourseetTrading: "" #Banks are right to fear #tech giants "" $AAPL $AMZN $GOOGL $FB  #fintech #defstar5 #makeyourownlane #Mpgvip  https:/â€_",-2
,,,
|negative|,5/17/17," RT @BourseetTrading: "" #Banks are right to fear #tech giants "" $AAPL $AMZN $GOOGL $FB  #fintech #defstar5 #makeyourownlane #Mpgvip  https:/â€_",-2
,,,
|negative|,5/17/17," RT @BourseetTrading: "" #Banks are right to fear #tech giants "" $AAPL $AMZN $GOOGL $FB  #fintech #defstar5 #makeyourownlane #Mpgvip  https:/â€_",-2
,,,
|neutral|,5/17/17, Down Moves -4.3% $SOXX $KRE -3.8% $KBE -3.4% $FDN $AAPL -3% $XBI -2.9% $XLF $JETS $EWZ -2.7% $XLK -2.5% $IWM $QQQ -2.3% $ITB $IBB,0
,,,
|neutral|,5/17/17, $MSFT $AAPL Deloitteâ€™s Global Defense Outlook Research Report about Cyber Security and Nuclear Capability https://t.co/uAe95k9bpo,0
,,,
|positive|,5/17/17, RT @theflynews: On The Fly: Top stock stories for Wednesday $TGT $QCOM $AAPL $CVS $RAD $WBA $AMZN $GOOG $GOOGL $JACK $CL $AEO $AMD https://â€_,2
,,,
|neutral|,5/17/17," .@NaviAvatar1 on #Periscope: Dow drops 372, $AAPL $AMZN $TWTR $SNAP $NVDA $FB $BABA https://t.co/fWhxxZxO6h",0
,,,
|neutral|,5/17/17, $GOOG $AAPL $NFLX $CL $jnj $XOM $WFC $GS $fb $JPM $t $GE $AMD $ko $TGT $TWX $MSFT $CL $TXN $INTC $TSLA $D $HCA $DOâ€_ https://t.co/CW7Ce8Eawn,0
,,,
|positive|,5/17/17," $SPY $DIA $QQQ $IWM HOLEEY FUK just got back, wut happined thu final hour? good GOD bwahaha $TSLA $AMZN $ADSK $AAPL $NVDA bagholderzGALORE",4
,,,
|neutral|,5/17/17, RT @MacHashNews: 92% of iPhone users likely to upgrade in the next 12 months https://t.co/7A8oP3FZRq #AppleWorldToday $AAPL https://t.co/UKâ€_,0
,,,
|neutral|,5/17/17, $CAT $FB $NFLX $AAPL $NVDA $ALL 3 points bounce?... we just need 41 more and we'll be back to normal,0
,,,
|negative|,5/17/17," $QCOM's battle with $AAPL is heating up! Now, it is suing #Apple's contract manufacturers such as Foxconn and Pegatâ€_ https://t.co/WjL5po8Y61",-3
,,,
|neutral|,5/17/17," Dow drops 372, $AAPL $AMZN $TWTR $SNAP $NVDA $FB $BABA https://t.co/uG79SBXu0X",0
,,,
|neutral|,5/17/17, High-tech US-based transnational companies (TNCs) now = 5 of 7 largest companies in the world 1 $AAPL 2 $GOOG 3 $MSFT 4 ? 5 ? 6 $AMZN 7 $FB,0
,,,
|positive|,5/17/17, So You Want to Start a Hedge Fund: Lessons for Managers and Allocators: https://t.co/hWSq4aqxRw $SPY $AAPL $TSLA $NFLX,1
,,,
|neutral|,5/17/17, Dow drops 372 as $SPY goes below 50 day on NYT Article Regarding #ComeyMemo $AAPL $NVDA lower. Chart and Video https://t.co/oVfBaxDycg,0
,,,
|neutral|,5/17/17, $AAPL - Google Gives Artificial Intelligence More Power in its Products -- Update https://t.co/GcOsYQYIPx,0
,,,
|neutral|,5/17/17, $AAPL - Google Gives Artificial Intelligence More Power in its Products -- Update https://t.co/LmXTcHDj6I,0
,,,
|neutral|,5/17/17, $AAPL - Google Gives Artificial Intelligence More Power in its Products -- Update https://t.co/VCrpR0z2lU,0
,,,
|neutral|,5/17/17, $AAPL - Google Gives Artificial Intelligence More Power in its Products -- Update https://t.co/5qtOGvS8DD,0
,,,
|neutral|,5/17/17, 92% of iPhone users likely to upgrade in the next 12 months https://t.co/7A8oP3FZRq #AppleWorldToday $AAPL https://t.co/UKC2ErkJjh,0
,,,
|positive|,5/17/17," RT @myhedghog: Best advice for next few days. Let the tape speak, follow instincts and stay away from so called 'news' $QQQ $SPY $AAPL $DDDâ€_",3
,,,
|positive|,5/17/17," @RevShark @jimcramer @DougKass Had a big day with $AAPL puts. Would've been bigger had I been braver, but I'll take what I got for sure!",1
,,,
|negative|,5/17/17," Morgan Stanley boosts Apple price target, seeing no iPhone delay $AAPL https://t.co/Oq6Fj7TUcQ",-1
,,,
|neutral|,5/17/17, RT @JGN74: $AAPL had an overshoot as did many other techs.  Now $145ish support imho. We'll see if holds.  $EWZ problems tonight too!!! @Trâ€_,0
,,,
|neutral|,5/17/17, $AAPL had an overshoot as did many other techs.  Now $145ish support imho. We'll see if holds.  $EWZ problems tonight too!!! @TraderFlorida,0
,,,
|neutral|,5/17/17, Apple Inc. $AAPL Stock Live Analysis 12-12-2016 #stockmarket  https://t.co/y4P363H9UT,0
,,,
|positive|,5/17/17," Best advice for next few days. Let the tape speak, follow instincts and stay away from so called 'news' $QQQ $SPY $AAPL $DDD @CNBC",3
,,,
|positive|,5/17/17, RT @Stockdog101: $SITO continuing strong! $7.80 PT! $F $AAPL $GOOGL $TSLA $FB $X $QQQ $UVXY $SVXY $LOCO $AMZN $ZFGN $EYES $S #stocks #NYSEâ€_,2
,,,
|neutral|,5/17/17, RT @ElixiumCrypto: https://t.co/srkfzEecv5   #Trading with #Bitcoin  @elixiumbitcoin #Forex #Stocks $ES $GC $CL $GOOG $AAPL $TSLA $SPY $QQQâ€_,0
,,,
|positive|,5/17/17, RT @32Trades: Congrats to my @32trades Family 500% - 1500% Winners all over today $SPX $SPY $VIX $NVDA $GOOGL $AMZN $QQQ $FB $AAPL https://â€_,2
,,,
|neutral|,5/17/17, RT @TraderTargets: $AAPL Projection vs TodayActual. Stats on site. 100% fees to charity. Dropped and kept going w/SPY https://t.co/OBwRJRTzâ€_,0
,,,
|positive|,5/17/17, $SITO continuing strong! $7.80 PT! $F $AAPL $GOOGL $TSLA $FB $X $QQQ $UVXY $SVXY $LOCO $AMZN $ZFGN $EYES $S #stocksâ€_ https://t.co/Zc7adaECIR,2
,,,
|negative|,5/17/17, Tech the only sector that saw positive money flow ($800m) on 17 May. $AAPL $FB $MSFT major beneficiaries. Financials worst hit- $4b outflow.,-1
,,,
|neutral|,5/17/17, RT @barronsonline: Calpers Sells the FANG Stocks and #Apple in Q1 https://t.co/0ARlJrD9iS $FB $NFLX $AMZN $GOOGL $GOOG $AAPL https://t.co/Oâ€_,0
,,,
|positive|,5/17/17, $AAPL $150.25 (-3.36%) is a top mover.  Try our #sentiment analysis tool free: https://t.co/GvMdw1aUkZ  #trading,3
,,,
|positive|,5/17/17, $AAPL Apple's new headquarters will reflect Steve Jobs's desire to replicate the... https://t.co/HZ5ycqTuJ2,1
,,,
|neutral|,5/17/17, RT @cheddar: These are @themotleyfool's @TMFJMo three main reasons to be bullish on $AAPL. #CheddarLIVE https://t.co/J2bckw2mOK,0
,,,
|neutral|,5/17/17," $spy $aapl $fb $twtr  $p #trump  So I was right, now you're claiming you really WERE a bear. Yesterday you were a hâ€_ https://t.co/rkS1WsqN7o",0
,,,
|neutral|,5/17/17," RT @TradingWins: A Sea Of Red - Market Update by Vince Vora for May 17th, 2017 #stocks $AAPL $AMZN $NFLX $GOOGL $TSLA $F $FB https://t.co/0â€_",0
,,,
|positive|,5/17/17, In General I'll be looking to the names that have been strongest for bounce plays and big option flow. $AAPL $AMZN $GOOGL $MCD $HD are some,3
,,,
|neutral|,5/17/17, $aapl $170 soon based on history! https://t.co/Q83F6zPymu,0
,,,
|positive|,5/17/17, $AAPL:  Appleâ€™s new headquarters will reflect Steve Jobsâ€™s desire to replicate â€_:  https://t.co/o7RmQJERab,1
,,,
|neutral|,5/17/17, $aapl going to $170 https://t.co/d0viKIK24a,0
,,,
|positive|,5/17/17, RT @32Trades: Congrats to my @32trades Family 500% - 1500% Winners all over today $SPX $SPY $VIX $NVDA $GOOGL $AMZN $QQQ $FB $AAPL https://â€_,2
,,,
|neutral|,5/17/17, $AAPL Projection vs TodayActual. Stats on site. 100% fees to charity. Dropped and kept going w/SPY https://t.co/OBwRJRTzhN,0
,,,
|positive|,5/17/17, $psdv $aldx $srpt few stocks that were green for me despite big red day in equities. Adding more $galt and looking into $wynn $aapl $amzn,1
,,,
|positive|,5/17/17," RT @EpicStockCall: $vix $spy $aapl $fb $p  Today, vol sellers  were seen hocking their best china to cover margin calls https://t.co/bwynVHâ€_",3
,,,
|neutral|,5/17/17, Watch Weekly Institutional Technical Analysis Video for $AAPL &amp; Hot Global Markets by @tradingsafely1 &gt;&gt;â€_ https://t.co/LPADT75Hqq,0
,,,
|positive|,5/17/17, Market Back Under Pressure II: Dozens of top #stocks fall 2% or more in heavy volume. Watch for sell signals to trigger $AAPL $BABA $JPM $WB,1
,,,
|neutral|,5/17/17, VIDEO: $XLK $AAPL $FB Technical Analysis Chart 5/17/2017 https://t.co/XogAxIgZWU #business #trading #finance #wallstreet #investing,0
,,,
|neutral|,5/17/17," Google parent Alphabet, Apple, Facebook outstrip rest of economy https://t.co/156IXK4ez1 @ethanbaron $GOOGL $AAPL $FB",0
,,,
|neutral|,5/17/17, $AMZN $SBUX $PNRA $AAPL:  Cramer: The bull case for staying in stocks through a market dip:  https://t.co/l4OXswNFQ6,0
,,,
|neutral|,5/17/17, RT @sharerepurchase: The May Stock Pick is out! #Subscribe now! #ShareRepurchase #FollowMe #Investing #StockPicks $SPY $DJI $NDX $AAPL httpâ€_,0
,,,
|neutral|,5/17/17, @Dave_Lopez $AAPL up will get you $BAC,0
,,,
|positive|,5/17/17," $vix $spy $aapl $fb $p  Today, vol sellers  were seen hocking their best china to cover margin calls https://t.co/bwynVHnsw6",3
,,,
|neutral|,5/17/17, RT @cheddar: These are @themotleyfool's @TMFJMo three main reasons to be bullish on $AAPL. #CheddarLIVE https://t.co/J2bckw2mOK,0
,,,
|positive|,5/17/17, @OptionsMike $AAPL and $BAC please.,1
,,,
|negative|,5/17/17, Iam looking at aapl looks juicy here but. got to get past the bad and the ugly in D.C $aapl,-6
,,,
|neutral|,5/17/17," $AAPL 21D is right here, possible bounce spot if market holds if not 50D and break out area of 144ish https://t.co/4pZnCLLv80",0
,,,
|neutral|,5/17/17, $GOOGL $AAPL $FB:  Google is looking to AI to vault Android ahead of iOS:  https://t.co/UyYXyV3iaZ,0
,,,
|neutral|,5/17/17, RT @ElixiumCrypto: https://t.co/srkfzEecv5   #Trading with #Bitcoin  @elixiumbitcoin #Forex #Stocks $ES $GC $CL $GOOG $AAPL $TSLA $SPY $QQQâ€_,0
,,,
|neutral|,5/17/17, RT @ElixiumCrypto: https://t.co/srkfzEecv5   #Trading with #Bitcoin  @elixiumbitcoin #Forex #Stocks $ES $GC $CL $GOOG $AAPL $TSLA $SPY $QQQâ€_,0
,,,
|neutral|,5/17/17, Apple Inc. $AAPL Receives â€œBuyâ€ù Rating from Canaccord Genuity https://t.co/LCwI7Un48C,0
,,,
|neutral|,5/17/17, Apple Inc. $AAPL Receives â€œBuyâ€ù Rating from Canaccord Genuity https://t.co/3fYwNzLRFW,0
,,,
|negative|,5/17/17," Technology Stock Roundup: MSFT Build, INTC Debt, AliPay, TWTR A.I. https://t.co/DiMsaKF1Gq $MSFT $AAPL $BABA $TWTR $INTC",-2
,,,
|positive|,5/17/17," Free video w/setups for May 18 ""The Real Deal"" $AAPL $FB $BAC $NFLX $AMZN https://t.co/bAms0bW4K1",1
,,,
|neutral|,5/17/17, Apple Inc. $AAPL Receives â€œBuyâ€ù Rating from Canaccord Genuity https://t.co/QVd991tfm8,0
,,,
|neutral|,5/17/17, Apple Inc. $AAPL Receives â€œBuyâ€ù Rating from Canaccord Genuity https://t.co/nhgaU6mq3E,0
,,,
|neutral|,5/17/17, SAlphaTrending: https://t.co/sLRZpaVdRn: A Share Price Limited Only By Imagination https://t.co/hzLFptI4F7 $AAPL #APPLE $M $AMZN,0
,,,
|neutral|,5/17/17, Apple Inc. $AAPL Receives â€œBuyâ€ù Rating from Canaccord Genuity https://t.co/Jnlk5gXtup #stocks,0
,,,
|positive|,5/17/17, Have a great day all. Tickers discussed today: $FB $AAPL $AMZN $NFLX $GOOGL $GOOG $CSCO $NQ_F $ES_F $SPY Good night.,6
,,,
|neutral|,5/17/17, https://t.co/aMQN4BOdHM: A Share Price Limited Only By Imagination https://t.co/r0dzsxjETS $AAPL #APPLE $M $AMZN,0
,,,
|neutral|,5/17/17, Now What Do We Do About Apple? $CHL $AAPL https://t.co/XtXnU6Kcml #Investing #Stocks https://t.co/mXVLBdO2xo,0
,,,
|neutral|,5/17/17, $AAPL:  Now What Do We Do About Apple?:  https://t.co/F6BjIIYfK1,0
,,,
|neutral|,5/17/17, Now What Do We Do About Apple? $CHL $AAPL https://t.co/D8IQu7hXMy #Investing #Stocks https://t.co/KxTGPOtALk,0
,,,
|neutral|,5/17/17, RT @SeekingAlpha: Now What Do We Do About Apple? https://t.co/gi05VO6swJ $CHL $AAPL,0
,,,
|neutral|,5/17/17, RT @rickjnewman: Dude next to me at #SALT2017 is typing / tapping on a $MSFT Surface. My $AAPL Macbook feels archaic.,0
,,,
|neutral|,5/17/17, Now What Do We Do About Apple? https://t.co/ZBqBvIXLAS $CHL $AAPL,0
,,,
|neutral|,5/17/17, Now What Do We Do About Apple? https://t.co/gi05VO6swJ $CHL $AAPL,0
,,,
|positive|,5/17/17, $P Pandora talks going again.  This is one $AAPL should buy.   Super undervalued cc @danielernstTMT,3
,,,
|neutral|,5/17/17, Dude next to me at #SALT2017 is typing / tapping on a $MSFT Surface. My $AAPL Macbook feels archaic.,0
,,,
|neutral|,5/17/17, #Instant #Apple Unlocking $0.99 Cent All #iPhone FOR 3GS 4 4S 5 5C 5S 6 6+ #unlockfusion #icloud #freeunlock #factoryunlock $AAPL #unlock,0
,,,
|neutral|,5/17/17," RT @TheStreet: The new initiative is being branded as ""Today at Apple"" and is now available at all 495 Apple stores worldwide https://t.co/â€_",0
,,,
|neutral|,5/17/17, #Instant #Apple Unlocking $0.99 Cent All #iPhone FOR 3GS 4 4S 5 5C 5S 6 6+ #unlockfusion #icloud #freeunlock #factoryunlock $AAPL #unlock,0
,,,
|neutral|,5/17/17, RT @mathman6577: #Apple (NASDAQ: AAPL)'s iPhone Retention Rate At 92% This Year - Benzinga $AAPL  https://t.co/4Rane9NdcZ,0
,,,
|positive|,5/17/17," RT @stocktrader300: Gotta love when you can make money in a shitty market like today $AAPL $WYNN both trades posted up about $1,290 https:/â€_",2
,,,
|positive|,5/17/17, Great trading models at Profectus Systems $AAPL $BAC $PG $YHOO $CHK $WFC $FB $CRM $GE $MRO $NFLX $AMZN $TSLA $SPY $VLO $JBLU $ATVI $AMD,3
,,,
|neutral|,5/17/17, RT @ElixiumCrypto: https://t.co/srkfzEecv5   #Trading with #Bitcoin  @elixiumbitcoin #Forex #Stocks $ES $GC $CL $GOOG $AAPL $TSLA $SPY $QQQâ€_,0
,,,
|positive|,5/17/17," #ApplePay officially rolling out in #Italy w/ support from 3 banks - Boon, Carrefour Banca &amp; UniCredit $MA $V $AAPL https://t.co/3ZajGXbfZp",2
,,,
|neutral|,5/17/17, #Apple (NASDAQ: AAPL)'s iPhone Retention Rate At 92% This Year - Benzinga $AAPL  https://t.co/4Rane9NdcZ,0
,,,
|positive|,5/17/17," Gotta love when you can make money in a shitty market like today $AAPL $WYNN both trades posted up about $1,290 https://t.co/afCRZXcnMM",2
,,,
|positive|,5/17/17, RT @AscendTradings: Come join the elite and make sure you are there before anyone else https://t.co/v2xcakoZ2b $RRBG $FB $AMZN $AAPL $GOOGLâ€_,1
,,,
|negative|,5/17/17, The Biggest Sign Yet the Apple Watch Is Failing https://t.co/hY0yY6MyRk $AAPL,-2
,,,
|negative|,5/17/17, RT @businessinsider: Banks are right to fear tech giants $AAPL $AMZN $GOOGL $FB https://t.co/MA76myIjh0 https://t.co/6NErwBloAS,-2
,,,
|positive|,5/17/17, Video Lesson: This is how you spot big moves BEFORE they start https://t.co/LGNrhO8R7N    $SPY $AAPL $AMZN $GOOGL $FB $NVDA $NFLX $TSLA $CMG,1
,,,
|positive|,5/17/17, RT @RudyHavenstein: How many Apple shares does the Reserve Bank of Zimbabwe own? $AAPL,1
,,,
|neutral|,5/17/17," RT @NationalCenter: Justin Danhof, Professional Rabble-Rouser https://t.co/zbTBvH0b1y @KOANEWSRADIO @MandyConnell #tcot $GE $AAPL $LLY $PEPâ€_",0
,,,
|positive|,5/17/17," $AAPL needs to promote the macbook more - no matter where i go, i always get questions about it. ""is that a computer? wow it's so thin!""",5
,,,
|negative|,5/16/17," @CountingCrowds @hblodget With $AAPL = 16x $TSLA, it's no contest  Debt gets cut in half when exercise the converts (@ ~360) $TSLA",-4
,,,
|neutral|,5/16/17, Got milk? Got hedges? Former or latter? Have some milk &amp; cookies &amp; watch a soap opera unfold. #Trump #Comey #ComeyMemo $SPY $AAPL $FB $BABA,0
,,,
|positive|,5/16/17," $FB $AMZN $NFLX $GOOGL $AAPL $V $FB all ur favorite overbloated stawks r down AH, thu toothpicks startin ta break beneath $SPY $DIA $QQQ",2
,,,
|neutral|,5/16/17, RT @aaronhahnmedia: brb buying $AAPL https://t.co/GzF7Gd1s2n,0
,,,
|negative|,5/16/17, Not buying any dips tonight bc the morning could be a lot worse $SPY $AAPL $FB $QQQ,-3
,,,
|neutral|,5/16/17," RT @SharePlanner: Trade with me in the Splash Zone - Real Time Trade alerts via text, email and a thriving chatroom #stocks $AAPL $FB httpsâ€_",0
,,,
|neutral|,5/16/17," $AAPL #patent 9,652,948: Haptic actuator including circuitry for generating dri... https://t.co/6H7KB7SLVA #tech #IP https://t.co/i4EoIBkanU",0
,,,
|negative|,5/16/17, @myhedghog @hblodget Would you rather own $aapl for 3-4 years?  What is Tesla's debt BTW at end of 2017 9 billion?â€_ https://t.co/C3sZaliZcM,-2
,,,
|neutral|,5/16/17, APPLE PLANS Laptop Upgrades to Take on Microsoft $AAPL $MSFT - BLOOMBERG https://t.co/zRT7vOkU6x,0
,,,
|neutral|,5/16/17, APPLE PLANS Laptop Upgrades to Take on Microsoft $AAPL $MSFT - BLOOMBERG https://t.co/OpffPkCqSq,0
,,,
|neutral|,5/16/17, $AAPL Report: Apple Inc. Prepping MacBook Updates for WWDC https://t.co/r711bNrusp,0
,,,
|positive|,5/16/17, Since Warren Buffet went long on Apple; $AAPL is with 63% gain #business https://t.co/PrFzw1oVxZ,2
,,,
|positive|,5/16/17, $AAPL  review powerful      https://t.co/ngvYAaMdYJ,2
,,,
|positive|,5/16/17," Join @RobinhoodApp and we'll both get a share of stock like $AAPL, $F, or $S for free. Make sure to use my link.  https://t.co/ePwCIsmAdt",5
,,,
|positive|,5/16/17, @ericjackson @tim_cook I'm just not convince $aapl needs to be in the content creation business iOS is the perfectâ€_ https://t.co/PkS5YBUxa7,4
,,,
|positive|,5/16/17, Since Warren Buffet went long on Apple; $AAPL is with 63% gain via /r/business https://t.co/pU27hZXL0F,2
,,,
|neutral|,5/16/17, $AAPL:  Report: Apple Inc. Prepping MacBook Updates for WWDC:  https://t.co/afWZVTJ9oC,0
,,,
|neutral|,5/16/17," Dow Down 2, $AAPL $AMZN $NVDA $BABA $TWTR $SNAP $FB $SPY https://t.co/yQMhV1Egaq",0
,,,
|positive|,5/16/17, Since Warren Buffet went long on Apple; $AAPL is with 63% gain via /r/business https://t.co/yuOVy4SihE,2
,,,
|positive|,5/16/17, TheStreet Launches a Free New Financial App that's Available at the App Store https://t.co/251uJZ4Ppyâ€_ https://t.co/uLI2Zn0q3I,1
,,,
|negative|,5/16/17," RT @OphirGottlieb: $AAPL How to get long Apple with options but avoid the pitfalls of, ya know, being wrong https://t.co/KDTcqmlXXD https:/â€_",-3
,,,
|neutral|,5/16/17, brb buying $AAPL https://t.co/GzF7Gd1s2n,0
,,,
|neutral|,5/16/17," RT @IBD_ECarson: Futures Fall On Trump News, But These 4 Stocks Are In Buy Range Now https://t.co/9WVTFz55OP $AAPL $QRVO $BIDU $BABA $SBUXâ€_",0
,,,
|neutral|,5/16/17, RT @NewsToDesk: $AAPL $BMY $AGN $AMZN $HD:  Cramer Remix: Why Carl Icahnâ€™s decision to sell Apple was the right â€_:  https://t.co/L9v2pdJSFw,0
,,,
|negative|,5/16/17," $AAPL How to get long Apple with options but avoid the pitfalls of, ya know, being wrong https://t.co/KDTcqmlXXD https://t.co/31wG8RsGxV",-3
,,,
|neutral|,5/16/17," RT @CNBCFastMoney: The Nasdaq saw its 33rd record close on Tuesday, $FB $AMZN $AAPL $NFLX and $GOOGL are the tech titans leading the rallyâ€_",0
,,,
|neutral|,5/16/17," $AAPL sum put vol=49,922 sum call vol=101,219 PutCallRatio=0.49 expiration 05/19/2017 . https://t.co/lR1w76NnVu https://t.co/U6nU10U2iV",0
,,,
|neutral|,5/16/17, RT @StocksByPaige: $AAPL may release new macbooks this summer.   #Apple #Microsoft #stocks #WWDC17  https://t.co/yo7n9JFSyO,0
,,,
|neutral|,5/16/17," RT @IBD_ECarson: Futures Fall On Trump News, But These 4 Stocks Are In Buy Range Now https://t.co/9WVTFz55OP $AAPL $QRVO $BIDU $BABA $SBUXâ€_",0
,,,
|neutral|,5/16/17, RT @Convertbond: Since March 1  FANG Stocks: +$270B Rest of the S&amp;P 500: -$260B  Via @KaiPflughaupt   $FB $AAPL $AMZN $NFLX  $GOOG,0
,,,
|neutral|,5/16/17," RT @IBD_ECarson: Futures Fall On Trump News, But These 4 Stocks Are In Buy Range Now https://t.co/9WVTFz55OP $AAPL $QRVO $BIDU $BABA $SBUXâ€_",0
,,,
|neutral|,5/16/17," $AAPL #patent 9,652,867: Grain generation and blending https://t.co/G38uJCQwVW #tech #IP https://t.co/p6gF6R3hYU",0
,,,
|positive|,5/16/17, How to Overcome Big Trading Losses https://t.co/YilpW05nhl #Trading #Stocks #Options #Success $AAPL $FB $AMZN $TWTR $BIDU $GM $GS $DUST,3
,,,
|negative|,5/16/17, RT @Stockin_Robin: $EXPE takin off n shit $SPY $SPX $DJIA $USO $AAPL $TWTR $TSLA $BABA $AMZN https://t.co/EUq8HG34Hj,-4
,,,
|neutral|,5/16/17," Futures Fall On Trump News, But These 4 Stocks Are In Buy Range Now https://t.co/9WVTFz55OP $AAPL $QRVO $BIDU $BABAâ€_ https://t.co/QNgo8w2WpD",0
,,,
|negative|,5/16/17," One thing I've learned trading $aapl. When it's down ""hard"" in AH. It's going to be a rough open.",-1
,,,
|neutral|,5/16/17, #trump #comey  $spy $aapl $amd #yourmama #HillaryClinton  #Preakness https://t.co/EsVyKtJ1Vg,0
,,,
|positive|,5/16/17," @qz peak $AAPL! within Long advertised $155-$165 target. can go higher, lower or sideway! whichever matters not wheâ€_ https://t.co/kzKHWmQmhk",1
,,,
|positive|,5/16/17," Join @RobinhoodApp and we'll both get a share of stock like $AAPL, $F, or $S for free. Make sure to use my link.  https://t.co/4uoMWtjyxl",5
,,,
|neutral|,5/16/17," RT @CNBCFastMoney: The Nasdaq saw its 33rd record close on Tuesday, $FB $AMZN $AAPL $NFLX and $GOOGL are the tech titans leading the rallyâ€_",0
,,,
|positive|,5/16/17, RT @WallStJesus: _Ÿ”¥ TODAY'S ACTIVE FLOW &gt;&gt;  $AMD $AAPL $BABA $NVDA $TWTR $C $BAC $FB $AMZN $SNAP $MSFT $TGT $F $VRX $M $YHOO $HD $GE $VZ $MUâ€_,1
,,,
|neutral|,5/16/17, $AAPL $BMY $AGN $AMZN $HD:  Cramer Remix: Why Carl Icahnâ€™s decision to sell Apple was the right â€_:  https://t.co/L9v2pdJSFw,0
,,,
|neutral|,5/16/17," RT @TradingWins: Monitor The $$ - Market Update by Vince Vora for May 16th, 2017 #stocks $AAPL $AMZN $NFLX $GOOGL $TSLA $F $FB https://t.coâ€_",0
,,,
|neutral|,5/16/17, Apple Inc.: 98 (+1.02%) https://t.co/eJCNQNU0xG $AAPL #Apple #Sentiment #Stock #Analysis #BigData,0
,,,
|neutral|,5/16/17," Ya, that $AMZN has no monopoly power huh, kinda like $GOOG and $AAPL no power https://t.co/a2ouBkHr46",0
,,,
|negative|,5/16/17, Unlimited Option Trades- $25 month.  No commission or contract fees ! SIGN UP for Early Access !   https://t.co/xviwOyV5u6  $AAPL $TSLA $BAC,-1
,,,
|neutral|,5/16/17," Monitor The $$ - Market Update by Vince Vora for May 16th, 2017 #stocks $AAPL $AMZN $NFLX $GOOGL $TSLA $F $FB https://t.co/66DdLwoEf8",0
,,,
|neutral|,5/16/17," RT @themotleyfool: Apple is one of the most widely held stocks. But at these new highs, should you take your $AAPL profits and run? https:/â€_",0
,,,
|neutral|,5/16/17, RT @passthebeano: â€œAn Introduction to LIDAR: The Key Self-Driving Car Sensorâ€ù by @olivercameron $TSLA $AAPL $GOOGL $F $GM NVDA https://t.coâ€_,0
,,,
|neutral|,5/16/17, â€œAn Introduction to LIDAR: The Key Self-Driving Car Sensorâ€ù by @olivercameron $TSLA $AAPL $GOOGL $F $GM NVDA https://t.co/x2Kf2iSrx7,0
,,,
|positive|,5/16/17, RT @WallStJesus: _Ÿ”¥ TODAY'S ACTIVE FLOW &gt;&gt;  $AMD $AAPL $BABA $NVDA $TWTR $C $BAC $FB $AMZN $SNAP $MSFT $TGT $F $VRX $M $YHOO $HD $GE $VZ $MUâ€_,1
,,,
|neutral|,5/16/17, RT @HD_Coco: Well $aapl... what's up with you on ah _Ÿ˜‘,0
,,,
|positive|,5/16/17," Their ad: ""Approach investing as a science. Not as a game.  We use AI""  Their AI: ""Siri, buy 100 shares of $aapl...""",1
,,,
|negative|,5/16/17, About time $aapl looks at killing iPad mini. Waste of production $'s and margins. Focus on iPhone 8.,-4
,,,
|neutral|,5/16/17, $AAPL:  This is the country you should watch for clues on US corporate â€_:  https://t.co/WCOwKiI5pS,0
,,,
|neutral|,5/16/17," $AAPL #patent 9,652,816: Reduced frame refresh rate https://t.co/ZYkfVu5GXg #tech #IP https://t.co/UetdjDKB8H",0
,,,
|negative|,5/16/17, $AAPL Rumor: Apple Inc. to Kill the iPad Mini https://t.co/T6o6GX9RhP,-3
,,,
|positive|,5/16/17, RT @WallStJesus: _Ÿ”¥ TODAY'S ACTIVE FLOW &gt;&gt;  $AMD $AAPL $BABA $NVDA $TWTR $C $BAC $FB $AMZN $SNAP $MSFT $TGT $F $VRX $M $YHOO $HD $GE $VZ $MUâ€_,1
,,,
|positive|,5/16/17, RT @WallStJesus: _Ÿ”¥ TODAY'S ACTIVE FLOW &gt;&gt;  $AMD $AAPL $BABA $NVDA $TWTR $C $BAC $FB $AMZN $SNAP $MSFT $TGT $F $VRX $M $YHOO $HD $GE $VZ $MUâ€_,1
,,,
|positive|,5/16/17, _Ÿ”¥ TODAY'S ACTIVE FLOW &gt;&gt;  $AMD $AAPL $BABA $NVDA $TWTR $C $BAC $FB $AMZN $SNAP $MSFT $TGT $F $VRX $M $YHOO $HD $GEâ€_ https://t.co/6FoWgKMLrw,1
,,,
|neutral|,5/16/17," RT @CNBCFastMoney: The Nasdaq saw its 33rd record close on Tuesday, $FB $AMZN $AAPL $NFLX and $GOOGL are the tech titans leading the rallyâ€_",0
,,,
|neutral|,5/16/17, Benzinga: Not Playing Around: Video Game ETF Is On A Tear https://t.co/t4ohCp9MDR $AAPL $ATVI $EA $TTWO $GAMR,0
,,,
|negative|,5/16/17, Why Tesla Needs to Fearâ€_ - Barron's @lfburch biggest threat #Hydrogen $AMZN Technology Collaboration $PLUG $AAPL https://t.co/hIpbs1KZ5V,-4
,,,
|neutral|,5/16/17," RT @CNBCFastMoney: The Nasdaq saw its 33rd record close on Tuesday, $FB $AMZN $AAPL $NFLX and $GOOGL are the tech titans leading the rallyâ€_",0
,,,
|neutral|,5/16/17," RT @VikingKing6: @Bamabroker $QQQ volatility over the past 3 months is less than 7% annualized.  Beta under 1.0 in relation to SPY.  Slow,â€_",0
,,,
|negative|,5/16/17, $AAPL:  Rumor: Apple Inc. to Kill the iPad Mini:  https://t.co/u8D7meKKW7,-3
,,,
|neutral|,5/16/17, Not Playing Around: Video Game ETF Is On A Tear https://t.co/gB2DGZ6xRt $AAPL $ATVI $EA $TTWO $GAMR,0
,,,
|neutral|,5/16/17, Well $aapl... what's up with you on ah _Ÿ˜‘,0
,,,
|positive|,5/16/17, RT @ValueBilbao: Apple: Calling A Top? $AAPL https://t.co/0qzaaX142H,2
,,,
|negative|,5/16/17, RT @TraderTargets: $AAPL Never Dull! Projection vs TodayActual. Stats on site. 100% fees to charity. https://t.co/cn6BBnXWeF,-2
,,,
|neutral|,5/16/17, $GDX vs $AAPL 10 year chart. It doesn't get much clearer than this! @Bamabroker https://t.co/Xqeg5oFVGI,0
,,,
|positive|,5/16/17, $AAPL getting dumped AH lmao,2
,,,
|neutral|,5/16/17, $AAPL:  Apple (AAPL) PT Raised to $170 at BMO Capital; Sees Room for â€_:  https://t.co/UEfahGZxq6,0
,,,
|positive|,5/16/17," $AAPL:  Warren Buffett, Please Call Paul:  https://t.co/v8lPyF28Kn",1
,,,
|positive|,5/16/17, This can be huge for $BBRY . $AAPL should put some money in the co https://t.co/18Z491pwVf,1
,,,
|positive|,5/16/17, RT @avibarrons: Google Made E-mail Free; Are Cars Next? https://t.co/TOsw5yMdBj via @BarronsNext $GOOGL $AAPL $TSLA,1
,,,
|positive|,5/16/17," Apple's @AngelaAhrendts  interview with LinkedIn's Daniel Roth , Great insight ! $Aapl #apple #Angelaahrendts https://t.co/KOSv3oWkuQ",3
,,,
|neutral|,5/16/17," RT @VikingKing6: @Bamabroker $QQQ volatility over the past 3 months is less than 7% annualized.  Beta under 1.0 in relation to SPY.  Slow,â€_",0
,,,
|neutral|,5/16/17, #Instant #Apple Unlocking $0.99 Cent All #iPhone FOR 3GS 4 4S 5 5C 5S 6 6+ #unlockfusion #icloud #freeunlock #factoryunlock $AAPL #unlock,0
,,,
|neutral|,5/16/17, RT @Convertbond: Since March 1  FANG Stocks: +$270B Rest of the S&amp;P 500: -$260B  Via @KaiPflughaupt   $FB $AAPL $AMZN $NFLX  $GOOG,0
,,,
|neutral|,5/16/17, RT @Convertbond: Since March 1  FANG Stocks: +$270B Rest of the S&amp;P 500: -$260B  Via @KaiPflughaupt   $FB $AAPL $AMZN $NFLX  $GOOG,0
,,,
|neutral|,5/16/17, #Instant #Apple Unlocking $0.99 Cent All #iPhone FOR 3GS 4 4S 5 5C 5S 6 6+ #unlockfusion #icloud #freeunlock #factoryunlock $AAPL #unlock,0
,,,
|positive|,5/16/17, Learn why Mobile Technology #Investing is a winning Proposition as $AAPL Valuation breaks $800bn  &gt;&gt;&gt;â€_ https://t.co/7TXcRdc0RA,4
,,,
|neutral|,5/16/17," $AAPL #patent 9,652,782: Interaction-aware advertising for minimizing banner bl... https://t.co/bwRbH7cfXN #tech #IP https://t.co/6vBgPQnrA5",0
,,,
|neutral|,5/16/17, RT @StocksByPaige: $AAPL may release new macbooks this summer.   #Apple #Microsoft #stocks #WWDC17  https://t.co/yo7n9JFSyO,0
,,,
|positive|,5/16/17, 'Thank God for Apple' and other tech stocks â€” they're propping up the market. $AAPL $FB $AMZN https://t.co/AgkJYXAwhF,3
,,,
|neutral|,5/16/17," Market Commentary For Wednesday, May 17 - $TJX, $DVA, $WB, $TSLA, $JACK, $BABA, $PLCE, $APC, $AAPL, $HD, $BIDU, $DKS https://t.co/XroszHyXLD",0
,,,
|neutral|,5/16/17, RT @YahooFinance: LIVE: Upcoming Apple Watch to include game-changing health features - https://t.co/Y5DybRNK9M $AAPL https://t.co/rLMDPqezâ€_,0
,,,
|positive|,5/16/17, Apple: Calling A Top? $AAPL https://t.co/0qzaaX142H,2
,,,
|neutral|,5/16/17, RT @sniiper_trader: $AAPL $ABX $AMD $AMX $BAC $CCJ $CS $MS $MU $NFLX $NOK $RBS $VRTX $X $SPY $AMZN $MSFT $TWTR $GOOGL $INTC $CLF $X $AKS $Râ€_,0
,,,
|negative|,5/16/17, $AAPL Never Dull! Projection vs TodayActual. Stats on site. 100% fees to charity. https://t.co/cn6BBnXWeF,-2
,,,
|positive|,5/16/17," RT @Yusuf_11: Apple's @AngelaAhrendts  interview with @danroth , Great insight ! $Aapl #apple https://t.co/2Wkh0Ix4Rl",3
,,,
|neutral|,5/16/17, @Apple wants to Get in Bed with You! Seriously! Silently buys sleep tracking company @beddit $AAPL [VIDEO] https://t.co/Yz0jBQqMWl,0
,,,
|neutral|,5/16/17, @Bamabroker $QQQ volatility over the past 3 months is less than 7% annualized.  Beta under 1.0 in relation to SPY.â€_ https://t.co/blP6MbClCj,0
,,,
|positive|,5/16/17," Apple's @AngelaAhrendts  interview with @danroth , Great insight ! $Aapl #apple https://t.co/2Wkh0Ix4Rl",3
,,,
|neutral|,5/16/17, RT @MacHashNews: Apple Likely to Introduce a MacBook Pro Refresh at WWDC with a 32GB Option that Pro's haveâ€_ https://t.co/hFmu4DegLl #Patenâ€_,0
,,,
|neutral|,5/16/17, Apple Likely to Introduce a MacBook Pro Refresh at WWDC with a 32GB Option that Pro's haveâ€_ https://t.co/hFmu4DegLlâ€_ https://t.co/kVEzFxRccs,0
,,,
|neutral|,5/16/17," RT @market_fox: How $AAPL, $GOOGL, $AMZN $MSFT &amp; $FB make their money: https://t.co/5XO8rSmo6Z https://t.co/kcqZHNYtp3",0
,,,
|positive|,5/16/17," RT @OptionAlert: Largest open interest increases among single stock options for 5/16 include $AAPL, $SNAP, $NVDA, $P, and $AMD.",1
,,,
|neutral|,5/16/17, RT @payemarkets: $AAPL may release new macbooks this summer.   #Apple #Microsoft #stocks #WWDC17  https://t.co/93UZ2fW7nx https://t.co/xz6vâ€_,0
,,,
|neutral|,5/15/17, RT @MarketSmith: RT @jfahmy: WEEKEND VIDEO: 5/14/17 https://t.co/xZVh49vHJx $SPY $QQQ $IWM $DIA $AAPL $AMZN $WDC,0
,,,
|neutral|,5/15/17, #GoogleAssistant coming to #iOS as a standalone app. Would you rather prefer #Siri on #Apple's #iPhone? $AAPL $GOOG  https://t.co/4ljIOxI8dN,0
,,,
|neutral|,5/15/17, RT @MarketSmith: RT @jfahmy: WEEKEND VIDEO: 5/14/17 https://t.co/xZVh49vHJx $SPY $QQQ $IWM $DIA $AAPL $AMZN $WDC,0
,,,
|negative|,5/15/17, RT @SJosephBurns: Having a bad day? In 1976 Ron Wayne sold his 10% stake in $AAPL for $800. It's worth over $81 billion today @Hedgeye httpâ€_,-1
,,,
|neutral|,5/15/17, RT @MarketSmith: RT @jfahmy: WEEKEND VIDEO: 5/14/17 https://t.co/xZVh49vHJx $SPY $QQQ $IWM $DIA $AAPL $AMZN $WDC,0
,,,
|neutral|,5/15/17, RT @jfahmy: WEEKEND VIDEO: 5/14/17 https://t.co/xZVh49vHJx $SPY $QQQ $IWM $DIA $AAPL $AMZN $WDC,0
,,,
|neutral|,5/15/17, RT @jfahmy: WEEKEND VIDEO: 5/14/17 https://t.co/MiQ8QNxsvf $SPY $QQQ $IWM $DIA $AAPL $AMZN $WDC,0
,,,
|neutral|,5/15/17," RT @NaviAvatar1: Dow up 85, $AAPL $SNAP $TWTR $NVDA $AMZN $FB $SPY $LABU https://t.co/dvRfKVLKoS",0
,,,
|positive|,5/15/17," Berkshire boosts Apple stake, exits Twenty-First ... $BRK.A $BRK.B $AAPL $IBM $AAL $LUV $FOXA $DAL $BK $SIRI https://t.co/debhBfiuI2",1
,,,
|neutral|,5/15/17, Appleâ€™s $AAPL Buy Rating Reaffirmed at Bank of America Corp https://t.co/1yNfYGn2nn,0
,,,
|positive|,5/15/17," Join @RobinhoodApp and we'll both get a share of stock like $AAPL, $F, or $S for free. Make sure to use my link.  https://t.co/dRnUeoFTaG",5
,,,
|neutral|,5/15/17," RT @theflynews: Greenlight takes stake in Perrigo, lowers stake in Apple $PRGO $CNDT $MU $AGR $YELP $GM $CNX $SYT $TWX $AAPL $RADâ€_ https://â€_",0
,,,
|neutral|,5/15/17," RT @theflynews: Berkshire Hathaway adds to Apple stake, exits 21st Century Fox $FOXA $AAPL $BK $LUV $SIRI $IBM $DAL $WBC $KHC $WFCâ€_ https:/â€_",0
,,,
|neutral|,5/15/17, RT @theflynews: REPORT: Apple met with ex-HBO exec amid search for video chief: https://t.co/izjP6b46l5 $AAPL $TWX,0
,,,
|neutral|,5/15/17, Apple Invests $200 Million In U.S. smartphone glassmaker Corning $AAPL https://t.co/m5tynAcFSx #Wallst,0
,,,
|neutral|,5/15/17, Appleâ€™s $AAPL Buy Rating Reaffirmed at Bank of America Corp https://t.co/xD16zy3rZ4 #stocks,0
,,,
|negative|,5/15/17," See It: Hedge Fund Dumps Massive Blocks Of $AAPL, $IBM, $WDC, $STX AndÂ Additional https://t.co/81gdet1Rb7",-2
,,,
|negative|,5/15/17," Report: Apple Inc. Prepping ""Siri Smart Speaker"" -- The Motley Fool $AAPL https://t.co/SapmD3SBKe",-1
,,,
|neutral|,5/15/17, $AAPL Some Silicon Valley techies obsessively track their blood sugar -- and they... https://t.co/dTq7Np26qf,0
,,,
|neutral|,5/15/17, That triple bottom long on $TWTR &lt;3 $NFLX $FB $AAPL $TSLA $GOOG $AMZN $SNAP $FB Todays Trades https://t.co/GCQPBtZZqv,0
,,,
|neutral|,5/15/17, $DXCM $MDT $GOOGL $AAPL:  Some Silicon Valley techies are now obsessively tracking their â€_:  https://t.co/O6AA7Ri1uN,0
,,,
|negative|,5/15/17, $AAPL basically has two giant share buybacks. The regular one and @WarrenBuffett. Stock should rally to 180-200 within a yr. No downside.,-2
,,,
|neutral|,5/15/17," $AAPL maturity 05/19/2017 Vol PutCallRatio of 0.39 puts=59,180 calls=149,877 . https://t.co/lR1w76NnVu https://t.co/QU1vGVv2Tq",0
,,,
|neutral|,5/15/17," Dow up 85, $AAPL $SNAP $TWTR $NVDA $AMZN $FB $SPY $LABU https://t.co/dvRfKVLKoS",0
,,,
|positive|,5/15/17, @WarrenBuffett increasing $AAPL stake is a great validation of our long thesis. Owned shares for 5+ yrs and added calls on dips many times.,4
,,,
|neutral|,5/15/17, RT @theinformation: Updated: Apple seeking head of programming. Meeting with fmr HBO Michael Lombardo about programming. $AAPL https://t.coâ€_,0
,,,
|positive|,5/15/17, RT @cjjords: Doesn't fly without a solid connection to mobile.  I'll take the over (on 50%) all day RE: $AAPL #smarthome device  https://t.â€_,2
,,,
|positive|,5/15/17," Rumor: Apple Watch may get glucose monitoring feature, â€˜smart' bands https://t.co/JscrJCMjga #AppleWorldToday $AAPL https://t.co/29LhNvraaY",1
,,,
|negative|,5/15/17," This Apple Inc. Watch Competitor Totally Failed @themotleyfool #stocks $AAPL, $AMZN https://t.co/Gx7Qbw43G8",-2
,,,
|positive|,5/15/17," Report: Apple Inc. Prepping ""Siri Smart Speaker"" @themotleyfool #stocks $AAPL, $AMZN https://t.co/96X3Oa9ih0",1
,,,
|positive|,5/15/17," 3 Companies Apple Inc. Won't Buy @themotleyfool #stocks $AAPL, $NFLX, $EA, $TTWO, $ATVI https://t.co/eLbAMURokm",3
,,,
|positive|,5/15/17, Why You Won't Be Able to Buy an Apple Inc. iPhone 8 With 32GB of Storage @themotleyfool #stocks $AAPL https://t.co/V3s9Sw2z6V,3
,,,
|neutral|,5/15/17, RT @coinspice: https://t.co/gXYW06qHA8  #Trading with #Bitcoin  @elixiumbitcoin #Forex #Stocks $ES $CL $GC $GOOG $AAPL $TSLA $SPY $QQQ #Bloâ€_,0
,,,
|neutral|,5/15/17, Report: Apple Inc. Could Launch New 10.5-Inch iPad at WWDC @themotleyfool #stocks $AAPL https://t.co/1R5NJ46Tqt,0
,,,
|negative|,5/15/17, RT @SJosephBurns: Having a bad day? In 1976 Ron Wayne sold his 10% stake in $AAPL for $800. It's worth over $81 billion today @Hedgeye httpâ€_,-1
,,,
|neutral|,5/15/17, Appleâ€™s $AAPL Buy Rating Reaffirmed at Bank of America Corp https://t.co/B6gNy8Oeb9,0
,,,
|neutral|,5/15/17, RT @ZolmaxNews: Apple Inc. $AAPL Receives â€œBuyâ€ù Rating from Goldman Sachs Group Inc https://t.co/GaptTSZSJr,0
,,,
|neutral|,5/15/17, RT @DanTsataros: #WarrenBuffet buys more $aapl https://t.co/21EBVmd4ma,0
,,,
|neutral|,5/15/17, Apple Inc. $AAPL Receives â€œBuyâ€ù Rating from Goldman Sachs Group Inc https://t.co/GaptTSZSJr,0
,,,
|neutral|,5/15/17, #WarrenBuffet buys more $aapl https://t.co/21EBVmd4ma,0
,,,
|neutral|,5/15/17," RT @Moonlight_668: Purple, 3 months view: $TCEHY $AMOV $AMX $BABA $AAPL $TSLA $FMX $NFLX $TWTR $FB $SAP $BUD $CRM $PM $VALE $VELP $TRIP $PBâ€_",0
,,,
|positive|,5/15/17, RT @zerofiltertruth: With decent trends &amp; #KKR now involved - Possible $P upgrades in AM   It's pennies for $FB &amp; they need #AI music likeâ€_,2
,,,
|neutral|,5/15/17, RT @The_Real_Fly: Hedge Fund Titans Reveal Their Latest Moronic Moves - Dr. Fly $AAPL $CNDT $SNAP https://t.co/fP3nHZOtdo,0
,,,
|positive|,5/15/17, RT @YahooFinance: Apple might buy a big company but not the ones you think @JPManga https://t.co/2qptd2w5a8 $AAPL https://t.co/HtTBUxD5m7,1
,,,
|neutral|,5/15/17, RT @TheTruthStudio: CNBC: TipRanks shows AAPL just got its most bullish forecast https://t.co/kiwVBqQD0d #technology $AAPL https://t.co/9kCâ€_,0
,,,
|neutral|,5/15/17, Hedge Fund Titans Reveal Their Latest Moronic Moves - Dr. Fly $AAPL $CNDT $SNAP https://t.co/fP3nHZOtdo,0
,,,
|positive|,5/15/17, RT @YahooFinance: Apple might buy a big company but not the ones you think @JPManga https://t.co/2qptd2w5a8 $AAPL https://t.co/HtTBUxD5m7,1
,,,
|negative|,5/15/17, RT @SJosephBurns: Having a bad day? In 1976 Ron Wayne sold his 10% stake in $AAPL for $800. It's worth over $81 billion today @Hedgeye httpâ€_,-1
,,,
|neutral|,5/15/17," RT @OphirGottlieb: $AAPL Profiting, methodically, from Apple options https://t.co/KDTcqmlXXD https://t.co/Cn4HgUjIrA",0
,,,
|neutral|,5/15/17, VIDEO $XLK $AAPL $FB Technical Analysis Chart 5.15.2017 https://t.co/XogAxIgZWU #markets #NASDAQ #NYSE #technicalanalysis #daytrader,0
,,,
|negative|,5/15/17," RT @rimisback: Let's see who can help fight Cyber Warfare, need of the hour $BBRY $AAPL $MSFT $GOOGL  $AMZN  @Apple @google @amazon @Microsâ€_",-1
,,,
|positive|,5/15/17, #Stocks #Traders LEARN The 6 Individual Components of the #Ihcimoku Cloud using $AAPL Chart &gt;&gt; #Trading Help &gt;&gt;&gt;â€_ https://t.co/NiEhCTVGzJ,2
,,,
|positive|,5/15/17, #Stocks #Traders LEARN The 6 Individual Components of the #Ihcimoku Cloud using $AAPL Chart &gt;&gt; #Trading Help &gt;&gt;&gt;â€_ https://t.co/znZPtbYoEy,2
,,,
|positive|,5/15/17, #Stocks #Traders LEARN The 6 Individual Components of the #Ihcimoku Cloud using $AAPL Chart &gt;&gt; #Trading Help &gt;&gt;&gt;â€_ https://t.co/wp7VJB8FNJ,2
,,,
|positive|,5/15/17, #Stocks #Traders LEARN The 6 Individual Components of the #Ihcimoku Cloud using $AAPL Chart &gt;&gt; #Trading Help &gt;&gt;&gt;â€_ https://t.co/GTp4ToYuLT,2
,,,
|positive|,5/15/17, #Stocks #Traders LEARN The 6 Individual Components of the #Ihcimoku Cloud using $AAPL Chart &gt;&gt; #Trading Help &gt;&gt;&gt;â€_ https://t.co/n0pcOQswdw,2
,,,
|neutral|,5/15/17," RT @OphirGottlieb: $AAPL Profiting, methodically, from Apple options https://t.co/KDTcqmlXXD https://t.co/Cn4HgUjIrA",0
,,,
|positive|,5/15/17, @BullionBaron Sound like my story. Sold $AAPL at $30.,2
,,,
|negative|,5/15/17," RT @resx18: $AAPL - Einhorn's Greenlight Capital Cuts Apple Stake, Confirms Perrigo Position https://t.co/le2Gm10VHs",-1
,,,
|neutral|,5/15/17," RT @RaviRomo: Hedgies who sold $AAPL in 1stQ--did NOT KNOW Buffett was tripling his position  With$AAPL's soaring performance, ALL WILL HAVâ€_",0
,,,
|negative|,5/15/17, RT @SJosephBurns: Having a bad day? In 1976 Ron Wayne sold his 10% stake in $AAPL for $800. It's worth over $81 billion today @Hedgeye httpâ€_,-1
,,,
|positive|,5/15/17, RT @HedgeMind: $AAPL This has to be big news: Buffett finally stepped buying big. He raised AAPL stake to 57mln shs from previous 15mln shsâ€_,2
,,,
|negative|,5/15/17, https://t.co/swYOtYeEnC Timothy Sykes can teach you How To Use The Short Trap Strategy $AAPL $AVGO $SPY,-1
,,,
|neutral|,5/15/17, RT @TheTruthStudio: CNBC: TipRanks shows AAPL just got its most bullish forecast https://t.co/kiwVBqQD0d #technology $AAPL https://t.co/9kCâ€_,0
,,,
|positive|,5/15/17, RT @davemcclure: Chart: How Top 5 Tech Giants Make Their Billions https://t.co/DnYCQ7uWRe by @VisualCap $AAPL $GOOG $MSFT $AMZN $FB cc @500â€_,2
,,,
|negative|,5/15/17," $ Flows: Buying on Weakness: Among stocks that were â¬‡ï¸èMON, these have the largest net INFLOWS of money: $AAPL $CERNâ€_ https://t.co/C8TXEqTul6",-2
,,,
|positive|,5/15/17," Berkshire boosts Apple stake, exits Twenty-First ... $BRK.A $BRK.B $AAPL $IBM $AAL $LUV $FOXA $DAL $BK $SIRI https://t.co/GH1RSLg00j",1
,,,
|negative|,5/15/17," $AAPL, $GOOGL, $AMZN, $FB, $NFLX out of play today, no damage done still set up nicely",-4
,,,
|neutral|,5/15/17, RT @OptionsHawk: Buffett more than doubled $AAPL stake,0
,,,
|neutral|,5/15/17, New 52 wk high: Apple Computer $AAPL 156.65,0
,,,
|positive|,5/15/17," Berkshire boosts $AAPL Apple stake, exits Twenty-First Century Fox in Q1 $BRKA $BRKB $FOXA",1
,,,
|neutral|,5/15/17, @The_Cdog $aapl buyout of small AI today for $200mm,0
,,,
|neutral|,5/15/17, $AAPL $GOOG $BABA https://t.co/Zv6PcRTwHK,0
,,,
|positive|,5/15/17, RT @OptionsMike: $AAPL BERKSHIRE RAISES SHARE STAKE IN APPLE INC TO 129.4 MLN SHARES FROM 57.4 MLN SHARES. But latest public info has it atâ€_,3
,,,
|neutral|,5/15/17," RT @OphirGottlieb: $AAPL Profiting, methodically, from Apple options https://t.co/KDTcqmlXXD https://t.co/Cn4HgUjIrA",0
,,,
|positive|,5/15/17," RT @DeItaOne: Berkshire Hathaway: -Top exits: $FOXA -Boosted stakes in $AAPL, $BK, $LUV, $SIRI, $AAL -Cut stakes in $IBM, $DAL, $WBC",2
,,,
|positive|,5/15/17, RT @YahooFinance: Apple might buy a big company but not the ones you think @JPManga https://t.co/2qptd2w5a8 $AAPL https://t.co/HtTBUxD5m7,1
,,,
|positive|,5/15/17, $AAPL BERKSHIRE RAISES SHARE STAKE IN APPLE INC TO 129.4 MLN SHARES FROM 57.4 MLN SHARES. But latest public info has it at 133MM,3
,,,
|neutral|,5/15/17," Time For A Refill - Market Update by Vince Vora for May 15th, 2017 #stocks $AAPL $AMZN $NFLX $GOOGL $TSLA... https://t.co/uawqm5lk9W",0
,,,
|neutral|,5/15/17, RT @TheTruthStudio: CNBC: TipRanks shows AAPL just got its most bullish forecast https://t.co/kiwVBqQD0d #technology $AAPL https://t.co/9kCâ€_,0
,,,
|neutral|,5/15/17," $AAPL Profiting, methodically, from Apple options https://t.co/KDTcqmlXXD https://t.co/Cn4HgUjIrA",0
,,,
|positive|,5/15/17, RT @DeItaOne: BERKSHIRE HATHAWAY INC RAISES SHARE STAKE IN APPLE INC TO 129.4 MLN SHARES FROM 57.4 MLN SHARES- SEC FILING $AAPL,3
,,,
|neutral|,5/15/17, RT @TheTruthStudio: CNBC: TipRanks shows AAPL just got its most bullish forecast https://t.co/kiwVBqQD0d #technology $AAPL https://t.co/9kCâ€_,0
,,,
|neutral|,5/15/17, RT @TheTruthStudio: CNBC: TipRanks shows AAPL just got its most bullish forecast https://t.co/kiwVBqQD0d #technology $AAPL https://t.co/9kCâ€_,0
,,,
|neutral|,5/15/17, CNBC: TipRanks shows AAPL just got its most bullish forecast https://t.co/kiwVBqQD0d #technology $AAPL https://t.co/9kCzxMJpV4,0
,,,
|negative|,5/15/17, RT @SJosephBurns: Having a bad day? In 1976 Ron Wayne sold his 10% stake in $AAPL for $800. It's worth over $81 billion today @Hedgeye httpâ€_,-1
,,,
|positive|,5/15/17," This chart makes Apple, Facebook and Alphabet look like one-trick ponies https://t.co/nnOhT6zgSI $AAPL $FB $GOOGL $MSFT $AMZN",2
,,,
|neutral|,5/15/17, $AAPL Projection vs TodayActual. Stats on site. 100% fees to charity. Tested highs https://t.co/DOchxwxp0M,0
,,,
|positive|,5/15/17," RT @StockTwits: Here's how fast Apple, Google, Amazon, and Facebook are growing revenue.  $AAPL, $GOOGL, $AMZN, $FB: https://t.co/NMJpQndj7â€_",1
,,,
|neutral|,5/15/17, Warren Buffett's Berkshire is betting more on banks and airlines https://t.co/qT9tnksZ2r $DAL $LUV $AAL $BK $AAPL $IBM $FOXA $BRK.A $BRK.B,0
,,,
|positive|,5/15/17," This buying -- from big investors who sold in Q1-- is underway and will boost $AAPL,much much higher  ""Tis the seasâ€_ https://t.co/VxrnfbjVXh",2
,,,
|positive|,5/15/17, Should $AAPL acquire $GPRO ? It would be getting it for a bargain after all. #M&amp;A,2
,,,
|negative|,5/15/17, RT @SJosephBurns: Having a bad day? In 1976 Ron Wayne sold his 10% stake in $AAPL for $800. It's worth over $81 billion today @Hedgeye httpâ€_,-1
,,,
|positive|,5/15/17, Should $AAPL acquire $GPRO ? It would be getting it for a bargain after all. #M&amp;A,2
,,,
|positive|,5/15/17, RT @YahooFinance: Apple might buy a big company but not the ones you think @JPManga https://t.co/2qptd2w5a8 $AAPL https://t.co/HtTBUxD5m7,1
,,,
|negative|,5/15/17," $AAPL - Einhorn's Greenlight Capital Cuts Apple Stake, Confirms Perrigo Position https://t.co/VNrAmlGMVO",-1
,,,
|negative|,5/15/17," $AAPL - Einhorn's Greenlight Capital Cuts Apple Stake, Confirms Perrigo Position https://t.co/1I7ajzaHTe",-1
,,,
|negative|,5/15/17," $AAPL - Einhorn's Greenlight Capital Cuts Apple Stake, Confirms Perrigo Position https://t.co/AuCoLpjLN8",-1
,,,
|negative|,5/15/17," $AAPL - Einhorn's Greenlight Capital Cuts Apple Stake, Confirms Perrigo Position https://t.co/le2Gm10VHs",-1
,,,
|neutral|,5/15/17," Hedgies who sold $AAPL in 1stQ--did NOT KNOW Buffett was tripling his position  With$AAPL's soaring performance, ALL WILL HAVE TO BUY AGAIN",0